tag-id,animal-id,animal-taxon,deploy-on-date,deploy-off-date,animal-birth-hatch-latitude,animal-birth-hatch-longitude,animal-comments,animal-death-comments,animal-exact-date-of-birth,animal-group-id,animal-latest-date-born,animal-life-stage,animal-marker-id,animal-mass,animal-mates,animal-mortality-latitude,animal-mortality-longitude,animal-mortality-type,animal-nickname,animal-offspring,animal-parents,animal-reproductive-condition,animal-ring-id,animal-sex,animal-siblings,animal-taxon-detail,attachment-type,behavior-according-to,capture-handling-time,capture-latitude,capture-longitude,capture-timestamp,data-processing-software,dba-comments,deploy-off-latitude,deploy-off-longitude,deploy-off-measurements,deploy-off-person,deploy-off-sampling,deploy-on-latitude,deploy-on-longitude,deploy-on-measurements,deploy-on-person,deploy-on-sampling,deployment-comments,deployment-end-comments,deployment-end-type,deployment-id,duty-cycle,geolocator-calibration,geolocator-light-threshold,geolocator-sensor-comments,geolocator-sun-elevation-angle,georeference-protocol,habitat-according-to,locality-according-to,location-accuracy-comments,manipulation-comments,manipulation-type,outlier-comments,study-site,tag-beacon-frequency,tag-comments,tag-failure-comments,tag-firmware,tag-manufacturer-name,tag-mass,tag-model,tag-processing-type,tag-production-date,tag-readout-method,tag-serial-no
1993CA-ST6-10823,1993CA-Bmu-10823,Balaenoptera musculus,1993-08-28 18:20:00.000,1993-09-01 22:35:12.000,,,,,,,,adult,,,,,,,,,,,, ,,,implant,,,,,,,,,,,,,37.012,-122.412,,,,,,,1993CA-10823,,,,,,,,,,,none,,"Pt. Ano Nuevo, CA",,,,,"Telonics, Inc",,ST6,,,satellite,
1993CA-ST6-10833,1993CA-Bmu-10833,Balaenoptera musculus,1993-08-28 18:54:00.000,1993-08-28 21:45:56.000,,,,,,,,adult,,,,,,,,,,,, ,,,implant,,,,,,,,,,,,,37.022,-122.415,,,,,,,1993CA-10833,,,,,,,,,,,none,,"Pt. Ano Nuevo, CA",,,,,"Telonics, Inc",,ST6,,,satellite,
1993CA-ST6-00834,1993CA-Bmu-00834,Balaenoptera musculus,1993-08-29 01:13:00.000,1993-09-05 13:41:06.000,,,,,,,,adult,,,,,,,,,,,, ,,,implant,,,,,,,,,,,,,37.058,-122.433,,,,,,,1993CA-00834,,,,,,,,,,,none,,"Pt. Ano Nuevo, CA",,,,,"Telonics, Inc",,ST6,,,satellite,
1993CA-ST6-10836,1993CA-Bmu-10836,Balaenoptera musculus,1993-08-31 23:40:00.000,1993-09-04 16:35:40.000,,,,,,,,adult,,,,,,,,,,,, ,,,implant,,,,,,,,,,,,,37.198,-122.773,,,,,,,1993CA-10836,,,,,,,,,,,none,,"Pigeon Point, CA",,,,,"Telonics, Inc",,ST6,,,satellite,
1994CA-ST10-10821,1994CA-Bmu-10821,Balaenoptera musculus,1994-09-13 20:31:00.000,1994-09-14 00:23:34.000,,,,,,,,adult,,,,,,,,,,,, ,,,implant,,,,,,,,,,,,,37.6,-123.0,,,,,,,1994CA-10821,,,,,,,,,,,none,,"Farallon Islands, CA",,,,,"Telonics, Inc",,ST10,,,satellite,
1994CA-ST10-10820,1994CA-Bmu-10820,Balaenoptera musculus,1994-09-13 21:28:00.000,1994-09-19 13:28:52.000,,,,,,,,adult,,,,,,,,,,,, ,,,implant,,,,,,,,,,,,,37.687,-123.102,,,,,,,1994CA-10820,,,,,,,,,,,none,,"Farallon Islands, CA",,,,,"Telonics, Inc",,ST10,,,satellite,
1994CA-ST10-10822,1994CA-Bmu-10822,Balaenoptera musculus,1994-09-13 22:35:00.000,1994-09-14 16:41:38.000,,,,,,,,adult,,,,,,,,,,,, ,,,implant,,,,,,,,,,,,,37.0,-123.4,,,,,,,1994CA-10822,,,,,,,,,,,none,,"Offshore, Pigeon Point, CA",,,,,"Telonics, Inc",,ST10,,,satellite,
1994CA-ST10-10823,1994CA-Bmu-10823,Balaenoptera musculus,1994-09-14 21:22:00.000,1994-09-23 00:13:26.000,,,,,,,,adult,,,,,,,,,,,, ,,,implant,,,,,,,,,,,,,37.745,-123.142,,,,,,,1994CA-10823,,,,,,,,,,,none,,"Farallon Islands, CA",,,,,"Telonics, Inc",,ST10,,,satellite,
1994CA-ST10-10824,1994CA-Bmu-10824,Balaenoptera musculus,1994-09-14 22:00:00.000,1994-09-15 04:03:58.000,,,,,,,,adult,,,,,,,,,,,, ,,,implant,,,,,,,,,,,,,37.745,-123.125,,,,,,,1994CA-10824,,,,,,,,,,,none,,"Farallon Islands, CA",,,,,"Telonics, Inc",,ST10,,,satellite,
1994CA-ST10-10829,1994CA-Bmu-10829,Balaenoptera musculus,1994-09-27 20:55:00.000,1994-09-30 05:06:58.000,,,,,,,,adult,,,,,,,,,,,, ,,,implant,,,,,,,,,,,,,34.123,-120.048,,,,,,,1994CA-10829,,,,,,,,,,,none,,"Santa Barbara Channel, CA",,,,,"Telonics, Inc",,ST10,,,satellite,
1994CA-ST10-10828,1994CA-Bmu-10828,Balaenoptera musculus,1994-10-01 19:00:00.000,1994-10-15 16:00:22.000,,,,,,,,adult,,,,,,,,,,,, ,,,implant,,,,,,,,,,,,,34.236,-120.458,,,,,,,1994CA-10828,,,,,,,,,,,none,,"Santa Barbara Channel, CA",,,,,"Telonics, Inc",,ST10,,,satellite,
1994CA-ST6-00848,1994CA-Bmu-00848,Balaenoptera musculus,1994-10-06 18:58:00.000,1994-10-08 04:01:11.000,,,,,,,,adult,,,,,,,,,,,, ,,,implant,,,,,,,,,,,,,34.147,-119.941,,,,,,,1994CA-00848,,,,,,,,,,,none,,"Santa Barbara Channel, CA",,,,,"Telonics, Inc",,ST6,,,satellite,
1994CA-ST6-23029,1994CA-Bmu-23029,Balaenoptera musculus,1994-10-07 17:27:00.000,1994-10-08 14:36:12.000,,,,,,,,adult,,,,,,,,,,,, ,,,implant,,,,,,,,,,,,,34.148,-119.938,,,,,,,1994CA-23029,,,,,,,,,,,none,,"Santa Barbara Channel, CA",,,,,"Telonics, Inc",,ST6,,,satellite,
1995CA-ST6-02083,1995CA-Bmu-02083,Balaenoptera musculus,1995-08-08 22:20:00.000,1995-08-20 21:28:31.000,,,,,,,,adult,,,,,,,,,,,, ,,,implant,,,,,,,,,,,,,34.096,-120.085,,,,,,,1995CA-02083,,,,,,,,,,,none,,"Santa Barbara Channel, CA",,,,,"Telonics, Inc",,ST6,,,satellite,
1995CA-ST10-04172,1995CA-Bmu-04172,Balaenoptera musculus,1995-08-23 19:09:00.000,1995-09-11 14:08:48.000,,,,,,,,adult,,,,,,,,,,,, ,,,implant,,,,,,,,,,,,,33.374,-119.51,,,,,,,1995CA-04172,,,,,,,,,,,none,,"San Nicolas Island, CA",,,,,"Telonics, Inc",,ST10,,,satellite,
1995CA-ST10-23042,1995CA-Bmu-23042,Balaenoptera musculus,1995-08-23 22:02:00.000,1995-09-11 11:11:28.000,,,,,,,,adult,,,,,,,,,,,, ,,,implant,,,,,,,,,,,,,33.31,-119.4,,,,,,,1995CA-23042,,,,,,,,,,,none,,"San Nicolas Island, CA",,,,,"Telonics, Inc",,ST10,,,satellite,
1995CA-ST10-23041,1995CA-Bmu-23041,Balaenoptera musculus,1995-09-10 20:42:00.000,1995-09-21 11:04:05.000,,,,,,,,adult,,,,,,,,,,,, ,,,implant,,,,,,,,,,,,,34.149,-120.225,,,,,,,1995CA-23041,,,,,,,,,,,none,,"Santa Barbara Channel, CA",,,,,"Telonics, Inc",,ST10,,,satellite,
1995CA-ST6-00841,1995CA-Bmu-00841,Balaenoptera musculus,1995-09-10 22:41:00.000,1995-09-26 10:11:38.000,,,,,,,,adult,,,,,,,,,,,, ,,,implant,,,,,,,,,,,,,34.163,-120.22,,,,,,,1995CA-00841,,,,,,,,,,,none,,"Santa Barbara Channel, CA",,,,,"Telonics, Inc",,ST6,,,satellite,
1995CA-ST6-00845,1995CA-Bmu-00845,Balaenoptera musculus,1995-09-10 23:40:00.000,1995-09-13 02:43:34.000,,,,,,,,adult,,,,,,,,,,,, ,,,implant,,,,,,,,,,,,,34.137,-120.217,,,,,,,1995CA-00845,,,,,,,,,,,none,,"Santa Barbara Channel, CA",,,,,"Telonics, Inc",,ST6,,,satellite,
1995CA-ST10-23037,1995CA-Bmu-23037,Balaenoptera musculus,1995-09-11 18:06:00.000,1995-09-12 03:04:20.000,,,,,,,,adult,,,,,,,,,,,, ,,,implant,,,,,,,,,,,,,34.115,-120.084,,,,,,,1995CA-23037,,,,,,,,,,,none,,"Santa Barbara Channel, CA",,,,,"Telonics, Inc",,ST10,,,satellite,
1995CA-ST10-04173,1995CA-Bmu-04173,Balaenoptera musculus,1995-09-18 20:30:00.000,1995-10-06 15:06:53.000,,,,,,,,adult,,,,,,,,,,,, ,,,implant,,,,,,,,,,,,,34.159,-120.099,,,,,,,1995CA-04173,,,,,,,,,,,none,,"Santa Barbara Channel, CA",,,,,"Telonics, Inc",,ST10,,,satellite,
1995CA-ST10-23040,1995CA-Bmu-23040,Balaenoptera musculus,1995-09-18 23:21:00.000,1995-12-08 14:01:00.000,,,,,,,,adult,,,,,,,,,,,, ,,,implant,,,,,,,,,,,,,34.152,-120.109,,,,,,,1995CA-23040,,,,,,,,,,,none,,"Santa Barbara Channel, CA",,,,,"Telonics, Inc",,ST10,,,satellite,
1995CA-ST6-00837,1995CA-Bmu-00837,Balaenoptera musculus,1995-09-19 22:28:00.000,1995-09-30 03:12:18.000,,,,,,,,adult,,,,,,,,,,,, ,,,implant,,,,,,,,,,,,,34.154,-120.046,,,,,,,1995CA-00837,,,,,,,,,,,none,,"Santa Barbara Channel, CA",,,,,"Telonics, Inc",,ST6,,,satellite,
1995CA-ST6-02082,1995CA-Bmu-02082,Balaenoptera musculus,1995-10-02 18:14:00.000,1995-10-14 15:33:52.000,,,,,,,,adult,,,,,,,,,,,, ,,,implant,,,,,,,,,,,,,33.994,-120.525,,,,,,,1995CA-02082,,,,,,,,,,,none,,"San Miguel Island, CA",,,,,"Telonics, Inc",,ST6,,,satellite,
1995CA-ST6-23031,1995CA-Bmu-23031,Balaenoptera musculus,1995-10-02 19:10:00.000,1995-10-07 21:16:21.000,,,,,,,,adult,,,,,,,,,,,, ,,,implant,,,,,,,,,,,,,34.022,-120.535,,,,,,,1995CA-23031,,,,,,,,,,,none,,"San Miguel Island, CA",,,,,"Telonics, Inc",,ST6,,,satellite,
1995CA-ST10-23043,1995CA-Bmu-23043,Balaenoptera musculus,1995-10-02 19:54:00.000,1995-10-04 10:29:57.000,,,,,,,,adult,,,,,,,,,,,, ,,,implant,,,,,,,,,,,,,34.031,-120.554,,,,,,,1995CA-23043,,,,,,,,,,,none,,"San Miguel Island, CA",,,,,"Telonics, Inc",,ST10,,,satellite,
1995CA-ST10-04176,1995CA-Bmu-04176,Balaenoptera musculus,1995-10-02 21:37:00.000,1995-11-14 01:55:03.000,,,,,,,,adult,,,,,,,,,,,, ,,,implant,,,,,,,,,,,,,34.046,-120.565,,,,,,,1995CA-04176,,,,,,,,,,,none,,"San Miguel Island, CA",,,,,"Telonics, Inc",,ST10,,,satellite,
1998CA-ST15-00824,1998CA-Bmu-00824,Balaenoptera musculus,1998-08-12 21:04:00.000,1999-04-10 11:55:00.000,,,,,,,,adult,,,,,,,,,,,, ,,,implant,,,,,,,,,,,,,37.01,-122.395,,,,,,,1998CA-00824,,,,,,,,,,,none,,"Pt. Ano Nuevo, CA",,,,,"Telonics, Inc",,ST15,,,satellite,
1998CA-ST15-00826,1998CA-Bmu-00826,Balaenoptera musculus,1998-08-12 22:50:00.000,1998-09-18 15:43:08.000,,,,,,,,adult,,,,,,,,,,,, ,,,implant,,,,,,,,,,,,,37.082,-122.432,,,,,,,1998CA-00826,,,,,,,,,,,none,,"Pt. Ano Nuevo, CA",,,,,"Telonics, Inc",,ST15,,,satellite,
1998CA-ST15-00833,1998CA-Bmu-00833,Balaenoptera musculus,1998-08-24 20:35:00.000,1998-09-09 15:44:26.000,,,,,,,,adult,,,,,,,,,,,, ,,,implant,,,,,,,,,,,,,33.192,-119.2,,,,,,,1998CA-00833,,,,,,,,,,,none,,"San Nicolas Island, CA",,,,,"Telonics, Inc",,ST15,,,satellite,
1998CA-ST15-04174,1998CA-Bmu-04174,Balaenoptera musculus,1998-08-24 21:45:00.000,1998-11-07 03:17:49.000,,,,,,,,adult,,,,,,,,,,,, ,,,implant,,,,,,,,,,,,,33.196,-119.183,,,,,,,1998CA-04174,,,,,,,,,,,none,,"San Nicolas Island, CA",,,,,"Telonics, Inc",,ST15,,,satellite,
1998CA-ST15-00827,1998CA-Bmu-00827,Balaenoptera musculus,1998-08-26 21:52:00.000,1998-09-13 03:33:35.000,,,,,,,,adult,,,,,,,,,,,, ,,,implant,,,,,,,,,,,,,33.386,-119.525,,,,,,,1998CA-00827,,,,,,,,,,,none,,"San Nicolas Island, CA",,,,,"Telonics, Inc",,ST15,,,satellite,
1998CA-ST15-01390,1998CA-Bmu-01390,Balaenoptera musculus,1998-08-28 22:04:00.000,1998-08-29 16:22:20.000,,,,,,,,adult,,,,,,,,,,,, ,,,implant,,,,,,,,,,,,,37.607,-123.054,,,,,,,1998CA-01390,,,,,,,,,,,none,,"Farallon Islands, CA",,,,,"Telonics, Inc",,ST15,,,satellite,
1998CA-ST15-10823,1998CA-Bmu-10823,Balaenoptera musculus,1998-08-31 22:18:00.000,1999-02-14 15:58:22.000,,,,,,,,adult,,,,,,,,,,,, ,,,implant,,,,,,,,,,,,,32.902,-119.263,,,,,,,1998CA-10823,,,,,,,,,,,none,,"Tanner Bank, CA",,,,,"Telonics, Inc",,ST15,,,satellite,
1998CA-ST15-04175,1998CA-Bmu-04175,Balaenoptera musculus,1998-10-10 20:04:00.000,1998-12-10 16:22:21.000,,,,,,,,adult,,,,,,,,,,,, ,,,implant,,,,,,,,,,,,,41.819,-124.474,,,,,,,1998CA-04175,,,,,,,,,,,none,,"Point St. George, CA",,,,,"Telonics, Inc",,ST15,,,satellite,
1998CA-ST15-00823,1998CA-Bmu-00823,Balaenoptera musculus,1998-10-10 22:58:00.000,1998-12-10 11:00:54.000,,,,,,,,adult,,,,,,,,,,,, ,,,implant,,,,,,,,,,,,,41.916,-124.426,,,,,,,1998CA-00823,,,,,,,,,,,none,,"Point St. George, CA",,,,,"Telonics, Inc",,ST15,,,satellite,
1999CA-ST15-23033,1999CA-Bmu-23033,Balaenoptera musculus,1999-07-20 18:18:00.000,1999-08-28 00:04:00.000,,,,,,,,adult,,,,,,,,,,,, ,,,implant,,,,,,,,,,,,,34.14,-120.0,,,,,,,1999CA-23033,,,,,,,,,,,none,,"Santa Barbara Channel, CA",,,,,"Telonics, Inc",,ST15,,,satellite,
1999CA-ST15-00830,1999CA-Bmu-00830,Balaenoptera musculus,1999-07-21 18:58:00.000,1999-08-21 23:30:33.000,,,,,,,,adult,,,,,,,,,,,, ,,,implant,,,,,,,,,,,,,34.12,-120.08,,,,,,,1999CA-00830,,,,,,,,,,,none,,"Santa Barbara Channel, CA",,,,,"Telonics, Inc",,ST15,,,satellite,
1999CA-ST15-23043,1999CA-Bmu-23043,Balaenoptera musculus,1999-07-22 15:56:00.000,1999-12-17 16:33:51.000,,,,,,,,adult,,,,,,,,,,,, ,,,implant,,,,,,,,,,,,,34.12,-120.09,,,,,,,1999CA-23043,,,,,,,,,,,none,,"Santa Barbara Channel, CA",,,,,"Telonics, Inc",,ST15,,,satellite,
1999CA-ST15-23038,1999CA-Bmu-23038,Balaenoptera musculus,1999-07-22 16:17:00.000,1999-09-03 23:37:31.000,,,,,,,,adult,,,,,,,,,,,, ,,,implant,,,,,,,,,,,,,34.12,-120.1,,,,,,,1999CA-23038,,,,,,,,,,,none,,"Santa Barbara Channel, CA",,,,,"Telonics, Inc",,ST15,,,satellite,
1999CA-ST15-00832,1999CA-Bmu-00832,Balaenoptera musculus,1999-07-23 18:27:00.000,1999-08-06 13:57:28.000,,,,,,,,adult,,,,,,,,,,,, ,,,implant,,,,,,,,,,,,,34.12,-120.11,,,,,,,1999CA-00832,,,,,,,,,,,none,,"Santa Barbara Channel, CA",,,,,"Telonics, Inc",,ST15,,,satellite,
1999CA-ST15-10824,1999CA-Bmu-10824,Balaenoptera musculus,1999-07-27 19:36:00.000,1999-11-16 16:39:40.000,,,,,,,,adult,,,,,,,,,,,, ,,,implant,,,,,,,,,,,,,34.12,-120.05,,,,,,,1999CA-10824,,,,,,,,,,,none,,"Santa Barbara Channel, CA",,,,,"Telonics, Inc",,ST15,,,satellite,
1999CA-ST15-00834,1999CA-Bmu-00834,Balaenoptera musculus,1999-07-29 19:29:00.000,1999-11-22 03:20:13.000,,,,,,,,adult,,,,,,,,,,,, ,,,implant,,,,,,,,,,,,,34.15,-119.97,,,,,,,1999CA-00834,,,,,,,,,,,none,,"Santa Barbara Channel, CA",,,,,"Telonics, Inc",,ST15,,,satellite,
1999CA-ST15-00837,1999CA-Bmu-00837,Balaenoptera musculus,1999-08-01 16:52:00.000,1999-10-01 02:37:50.000,,,,,,,,adult,,,,,,,,,,,, ,,,implant,,,,,,,,,,,,,34.13,-119.91,,,,,,,1999CA-00837,,,,,,,,,,,none,,"Santa Barbara Channel, CA",,,,,"Telonics, Inc",,ST15,,,satellite,
1999CA-ST15-00838,1999CA-Bmu-00838,Balaenoptera musculus,1999-10-02 21:42:00.000,2000-05-17 22:18:11.000,,,,,,,,adult,,,,,,,,,,,, ,,,implant,,,,,,,,,,,,,34.135,-120.604,,,,,,,1999CA-00838,,,,,,,,,,,none,,"San Miguel Island, CA",,,,,"Telonics, Inc",,ST15,,,satellite,
1999CA-ST15-04173,1999CA-Bmu-04173,Balaenoptera musculus,1999-10-02 22:42:00.000,2000-02-11 13:58:38.000,,,,,,,,adult,,,,,,,,,,,, ,,,implant,,,,,,,,,,,,,34.159,-120.565,,,,,,,1999CA-04173,,,,,,,,,,,none,,"San Miguel Island, CA",,,,,"Telonics, Inc",,ST15,,,satellite,
1999CA-ST15-04176,1999CA-Bmu-04176,Balaenoptera musculus,1999-10-03 16:42:00.000,2000-05-04 02:22:21.000,,,,,,,,adult,,,,,,,,,,,, ,,,implant,,,,,,,,,,,,,34.107,-120.369,,,,,,,1999CA-04176,,,,,,,,,,,none,,"San Miguel Island, CA",,,,,"Telonics, Inc",,ST15,,,satellite,
1999CA-ST15-23031,1999CA-Bmu-23031,Balaenoptera musculus,1999-10-03 16:59:00.000,1999-12-15 01:38:25.000,,,,,,,,adult,,,,,,,,,,,, ,,,implant,,,,,,,,,,,,,34.113,-120.394,,,,,,,1999CA-23031,,,,,,,,,,,none,,"San Miguel Island, CA",,,,,"Telonics, Inc",,ST15,,,satellite,
1999CA-ST15-02082,1999CA-Bmu-02082,Balaenoptera musculus,1999-10-03 23:17:00.000,1999-11-03 14:26:35.000,,,,,,,,adult,,,,,,,,,,,, ,,,implant,,,,,,,,,,,,,34.053,-120.605,,,,,,,1999CA-02082,,,,,,,,,,,none,,"San Miguel Island, CA",,,,,"Telonics, Inc",,ST15,,,satellite,
1999CA-ST15-10821,1999CA-Bmu-10821,Balaenoptera musculus,1999-10-08 18:16:00.000,1999-12-01 14:08:58.000,,,,,,,,adult,,,,,,,,,,,, ,,,implant,,,,,,,,,,,,,34.019,-120.575,,,,,,,1999CA-10821,,,,,,,,,,,none,,"San Miguel Island, CA",,,,,"Telonics, Inc",,ST15,,,satellite,
1999CA-ST15-04172,1999CA-Bmu-04172,Balaenoptera musculus,1999-10-08 18:43:00.000,2000-01-10 10:27:54.000,,,,,,,,adult,,,,,,,,,,,, ,,,implant,,,,,,,,,,,,,34.032,-120.589,,,,,,,1999CA-04172,,,,,,,,,,,none,,"San Miguel Island, CA",,,,,"Telonics, Inc",,ST15,,,satellite,
1999CA-ST15-23030,1999CA-Bmu-23030,Balaenoptera musculus,1999-10-08 18:56:00.000,2000-03-27 15:37:10.000,,,,,,,,adult,,,,,,,,,,,, ,,,implant,,,,,,,,,,,,,34.033,-120.593,,,,,,,1999CA-23030,,,,,,,,,,,none,,"San Miguel Island, CA",,,,,"Telonics, Inc",,ST15,,,satellite,
1999CA-ST15-00849,1999CA-Bmu-00849,Balaenoptera musculus,1999-10-08 20:22:00.000,1999-11-14 22:23:25.000,,,,,,,,adult,,,,,,,,,,,, ,,,implant,,,,,,,,,,,,,34.035,-120.575,,,,,,,1999CA-00849,,,,,,,,,,,none,,"San Miguel Island, CA",,,,,"Telonics, Inc",,ST15,,,satellite,
1999CA-ST15-00845,1999CA-Bmu-00845,Balaenoptera musculus,1999-10-08 20:51:00.000,1999-10-10 22:25:38.000,,,,,,,,adult,,,,,,,,,,,, ,,,implant,,,,,,,,,,,,,34.038,-120.58,,,,,,,1999CA-00845,,,,,,,,,,,none,,"San Miguel Island, CA",,,,,"Telonics, Inc",,ST15,,,satellite,
1999CA-ST15-01388,1999CA-Bmu-01388,Balaenoptera musculus,1999-10-08 23:06:00.000,2000-06-26 02:36:17.000,,,,,,,,adult,,,,,,,,,,,, ,,,implant,,,,,,,,,,,,,34.017,-120.581,,,,,,,1999CA-01388,,,,,,,,,,,none,,"San Miguel Island, CA",,,,,"Telonics, Inc",,ST15,,,satellite,
2000CA-ST15-10827,2000CA-Bmu-10827,Balaenoptera musculus,2000-10-04 19:14:00.000,2000-10-07 02:20:35.000,,,,,,,,adult,,,,,,,,,,,, ,,,implant,,,,,,,,,,,,,37.6,-123.02,,,,,,,2000CA-10827,,,,,,,,,,,none,,"Farallon Islands, CA",,,,,"Telonics, Inc",,ST15,,,satellite,
2000CA-ST15-10823,2000CA-Bmu-10823,Balaenoptera musculus,2000-10-04 19:51:00.000,2000-10-05 15:23:29.000,,,,,,,,adult,,,,,,,,,,,, ,,,implant,,,,,,,,,,,,,37.62,-123.04,,,,,,,2000CA-10823,,,,,,,,,,,none,,"Farallon Islands, CA",,,,,"Telonics, Inc",,ST15,,,satellite,
2000CA-ST15-00827,2000CA-Bmu-00827,Balaenoptera musculus,2000-10-04 20:53:00.000,2000-10-07 02:20:06.000,,,,,,,,adult,,,,,,,,,,,, ,,,implant,,,,,,,,,,,,,37.62,-123.04,,,,,,,2000CA-00827,,,,,,,,,,,none,,"Farallon Islands, CA",,,,,"Telonics, Inc",,ST15,,,satellite,
2000CA-ST15-10832,2000CA-Bmu-10832,Balaenoptera musculus,2000-10-04 21:55:00.000,2001-07-15 23:30:23.000,,,,,,,,adult,,,,,,,,,,,,m,,,implant,,,,,,,,,,,,,37.62,-123.03,,,,,,,2000CA-10832,,,,,,,,,,,none,,"Farallon Islands, CA",,,,,"Telonics, Inc",,ST15,,,satellite,
2000CA-ST15-10828,2000CA-Bmu-10828,Balaenoptera musculus,2000-10-05 23:37:00.000,2000-12-02 23:22:28.000,,,,,,,,adult,,,,,,,,,,,,m,,,implant,,,,,,,,,,,,,37.61,-123.02,,,,,,,2000CA-10828,,,,,,,,,,,none,,"Farallon Islands, CA",,,,,"Telonics, Inc",,ST15,,,satellite,
2000CA-ST15-01386,2000CA-Bmu-01386,Balaenoptera musculus,2000-10-05 23:59:00.000,2001-02-09 00:00:51.000,,,,,,,,adult,,,,,,,,,,,, ,,,implant,,,,,,,,,,,,,37.61,-123.02,,,,,,,2000CA-01386,,,,,,,,,,,none,,"Farallon Islands, CA",,,,,"Telonics, Inc",,ST15,,,satellite,
2000CA-ST15-10825,2000CA-Bmu-10825,Balaenoptera musculus,2000-10-06 00:09:00.000,2000-10-23 23:48:31.000,,,,,,,,adult,,,,,,,,,,,, ,,,implant,,,,,,,,,,,,,37.61,-123.02,,,,,,,2000CA-10825,,,,,,,,,,,none,,"Farallon Islands, CA",,,,,"Telonics, Inc",,ST15,,,satellite,
2000CA-ST15-00826,2000CA-Bmu-00826,Balaenoptera musculus,2000-10-06 00:24:00.000,2000-10-11 12:32:56.000,,,,,,,,adult,,,,,,,,,,,, ,,,implant,,,,,,,,,,,,,37.61,-123.02,,,,,,,2000CA-00826,,,,,,,,,,,none,,"Farallon Islands, CA",,,,,"Telonics, Inc",,ST15,,,satellite,
2000CA-ST15-23029,2000CA-Bmu-23029,Balaenoptera musculus,2000-10-06 22:36:00.000,2000-12-04 02:28:45.000,,,,,,,,adult,,,,,,,,,,,, ,,,implant,,,,,,,,,,,,,37.52,-122.98,,,,,,,2000CA-23029,,,,,,,,,,,none,,"Farallon Islands, CA",,,,,"Telonics, Inc",,ST15,,,satellite,
2000CA-ST15-01390,2000CA-Bmu-01390,Balaenoptera musculus,2000-10-07 17:38:00.000,2001-07-08 12:43:16.000,,,,,,,,adult,,,,,,,,,,,, ,,,implant,,,,,,,,,,,,,37.58,-123.01,,,,,,,2000CA-01390,,,,,,,,,,,none,,"Farallon Islands, CA",,,,,"Telonics, Inc",,ST15,,,satellite,
2000CA-ST15-23042,2000CA-Bmu-23042,Balaenoptera musculus,2000-10-07 22:19:00.000,2000-10-09 15:33:13.000,,,,,,,,adult,,,,,,,,,,,, ,,,implant,,,,,,,,,,,,,37.57,-123.0,,,,,,,2000CA-23042,,,,,,,,,,,none,,"Farallon Islands, CA",,,,,"Telonics, Inc",,ST15,,,satellite,
2000CA-ST15-23035,2000CA-Bmu-23035,Balaenoptera musculus,2000-10-07 22:43:00.000,2000-10-10 18:05:52.000,,,,,,,,adult,,,,,,,,,,,, ,,,implant,,,,,,,,,,,,,37.57,-123.0,,,,,,,2000CA-23035,,,,,,,,,,,none,,"Farallon Islands, CA",,,,,"Telonics, Inc",,ST15,,,satellite,
2001MX-ST15-10831,2001MX-Bmu-10831,Balaenoptera musculus,2001-03-26 20:26:00.000,2001-10-26 00:01:23.000,,,,,,,,adult,,,,,,,,,,,, ,,,implant,,,,,,,,,,,,,25.933,-111.095,,,,,,,2001MX-10831,,,,,,,,,,,none,,"Loreto, BCS, Mexico",,,,,"Telonics, Inc",,ST15,,,satellite,
2002MX-ST15-00840,2002MX-Bmu-00840,Balaenoptera musculus,2002-03-21 20:29:00.000,2002-10-01 02:18:30.000,,,,,,,,adult,,,,,,,,,,,, ,,,implant,,,,,,,,,,,,,24.672,-110.349,,,,,,,2002MX-00840,,,,,,,,,,,none,,"La Paz, BCS, Mexico",,,,,"Telonics, Inc",,ST15,,,satellite,
2002MX-ST15-00837,2002MX-Bmu-00837,Balaenoptera musculus,2002-03-23 18:08:00.000,2002-06-28 23:04:12.000,,,,,,,,adult,,,,,,,,,,,, ,,,implant,,,,,,,,,,,,,24.663,-110.345,,,,,,,2002MX-00837,,,,,,,,,,,none,,"La Paz, BCS, Mexico",,,,,"Telonics, Inc",,ST15,,,satellite,
2004CA-ST15-23036,2004CA-Bmu-23036,Balaenoptera musculus,2004-07-29 02:37:00.000,2004-08-02 02:40:31.000,,,,,,,,adult,,,,,,,,,,,, ,,,implant,,,,,,,,,,,,,37.433,-122.851,,,,,,,2004CA-23036,,,,,,,,,,,none,,"Half Moon Bay, CA",,,,,"Telonics, Inc",,ST15,,,satellite,
2004CA-ST15-00832,2004CA-Bmu-00832,Balaenoptera musculus,2004-07-29 02:44:00.000,2004-08-07 12:27:41.000,,,,,,,,adult,,,,,,,,,,,, ,,,implant,,,,,,,,,,,,,37.433,-122.852,,,,,,,2004CA-00832,,,,,,,,,,,none,,"Half Moon Bay, CA",,,,,"Telonics, Inc",,ST15,,,satellite,
2004CA-ST21-10833,2004CA-Bmu-10833,Balaenoptera musculus,2004-08-02 01:41:00.000,2004-10-21 02:51:26.000,,,,,,,,adult,,,,,,,,,,,,m,,,implant,,,,,,,,,,,,,37.799,-123.264,,,,,,,2004CA-10833,,,,,,,,,,,none,,"Farallon Islands, CA",,,,,"Telonics, Inc",,ST21,,,satellite,
2004CA-ST15-23034,2004CA-Bmu-23034,Balaenoptera musculus,2004-08-03 00:10:00.000,2005-01-14 02:35:17.000,,,,,,,,adult,,,,,,,,,,,, ,,,implant,,,,,,,,,,,,,37.785,-123.255,,,,,,,2004CA-23034,,,,,,,,,,,none,,"Farallon Islands, CA",,,,,"Telonics, Inc",,ST15,,,satellite,
2004CA-ST15-10843,2004CA-Bmu-10843,Balaenoptera musculus,2004-08-03 02:29:00.000,2005-01-02 02:17:49.000,,,,,,,,adult,,,,,,,,,,,, ,,,implant,,,,,,,,,,,,,37.744,-123.142,,,,,,,2004CA-10843,,,,,,,,,,,none,,"Farallon Islands, CA",,,,,"Telonics, Inc",,ST15,,,satellite,
2004CA-ST15-23043,2004CA-Bmu-23043,Balaenoptera musculus,2004-08-07 18:01:00.000,2004-10-22 02:26:05.000,,,,,,,,adult,,,,,,,,,,,, ,,,implant,,,,,,,,,,,,,34.181,-120.163,,,,,,,2004CA-23043,,,,,,,,,,,none,,"Santa Barbara Channel, CA",,,,,"Telonics, Inc",,ST15,,,satellite,
2004CA-ST21-10840,2004CA-Bmu-10840,Balaenoptera musculus,2004-08-12 16:13:00.000,2004-08-16 12:22:59.000,,,,,,,,adult,,,,,,,,,,,, ,,,implant,,,,,,,,,,,,,34.136,-120.119,,,,,,,2004CA-10840,,,,,,,,,,,none,,"Santa Barbara Channel, CA",,,,,"Telonics, Inc",,ST21,,,satellite,
2004CA-ST21-10820,2004CA-Bmu-10820,Balaenoptera musculus,2004-08-12 20:02:00.000,2004-09-02 02:02:51.000,,,,,,,,adult,,,,,,,,,,,,f,,,implant,,,,,,,,,,,,,34.123,-120.106,,,,,,,2004CA-10820,,,,,,,,,,,none,,"Santa Barbara Channel, CA",,,,,"Telonics, Inc",,ST21,,,satellite,
2004CA-ST15-00834,2004CA-Bmu-00834,Balaenoptera musculus,2004-08-12 20:55:00.000,2004-10-22 15:09:08.000,,,,,,,,adult,,,,,,,,,,,, ,,,implant,,,,,,,,,,,,,34.138,-120.109,,,,,,,2004CA-00834,,,,,,,,,,,none,,"Santa Barbara Channel, CA",,,,,"Telonics, Inc",,ST15,,,satellite,
2004CA-ST15-00849,2004CA-Bmu-00849,Balaenoptera musculus,2004-08-12 21:22:00.000,2004-12-11 16:04:42.000,,,,,,,,adult,,,,,,,,,,,, ,,,implant,,,,,,,,,,,,,34.131,-120.132,,,,,,,2004CA-00849,,,,,,,,,,,none,,"Santa Barbara Channel, CA",,,,,"Telonics, Inc",,ST15,,,satellite,
2004CA-ST15-10834,2004CA-Bmu-10834,Balaenoptera musculus,2004-08-12 22:30:00.000,2004-11-05 15:53:51.000,,,,,,,,adult,,,,,,,,,,,,f,,,implant,,,,,,,,,,,,,34.133,-120.137,,,,,,,2004CA-10834,,,,,,,,,,,none,,"Santa Barbara Channel, CA",,,,,"Telonics, Inc",,ST15,,,satellite,
2004CA-ST15-10821,2004CA-Bmu-10821,Balaenoptera musculus,2004-08-12 23:21:00.000,2005-01-24 23:48:22.000,,,,,,,,adult,,,,,,,,,,,,f,,,implant,,,,,,,,,,,,,34.135,-120.132,,,,,,,2004CA-10821,,,,,,,,,,,none,,"Santa Barbara Channel, CA",,,,,"Telonics, Inc",,ST15,,,satellite,
2004CA-ST15-23030,2004CA-Bmu-23030,Balaenoptera musculus,2004-08-13 17:45:00.000,2004-08-26 12:09:38.000,,,,,,,,adult,,,,,,,,,,,,m,,,implant,,,,,,,,,,,,,34.096,-120.008,,,,,,,2004CA-23030,,,,,,,,,,,none,,"Santa Barbara Channel, CA",,,,,"Telonics, Inc",,ST15,,,satellite,
2004CA-ST15-01389,2004CA-Bmu-01389,Balaenoptera musculus,2004-08-13 19:33:00.000,2004-11-09 23:25:53.000,,,,,,,,adult,,,,,,,,,,,, ,,,implant,,,,,,,,,,,,,34.103,-119.527,,,,,,,2004CA-01389,,,,,,,,,,,none,,"Santa Barbara Channel, CA",,,,,"Telonics, Inc",,ST15,,,satellite,
2004CA-ST21-10829,2004CA-Bmu-10829,Balaenoptera musculus,2004-08-19 01:44:00.000,2004-08-20 02:40:21.000,,,,,,,,adult,,,,,,,,,,,, ,,,implant,,,,,,,,,,,,,37.402,-123.063,,,,,,,2004CA-10829,,,,,,,,,,,none,,"Half Moon Bay, CA",,,,,"Telonics, Inc",,ST21,,,satellite,
2004CA-ST21-10831,2004CA-Bmu-10831,Balaenoptera musculus,2004-08-19 23:39:00.000,2004-10-04 02:50:30.000,,,,,,,,adult,,,,,,,,,,,, ,,,implant,,,,,,,,,,,,,37.414,-123.077,,,,,,,2004CA-10831,,,,,,,,,,,none,,"Half Moon Bay, CA",,,,,"Telonics, Inc",,ST21,,,satellite,
2004CA-ST21-10825,2004CA-Bmu-10825,Balaenoptera musculus,2004-08-19 23:58:00.000,2004-08-26 15:32:01.000,,,,,,,,adult,,,,,,,,,,,,f,,,implant,,,,,,,,,,,,,37.411,-123.082,,,,,,,2004CA-10825,,,,,,,,,,,none,,"Half Moon Bay, CA",,,,,"Telonics, Inc",,ST21,,,satellite,
2004CA-ST15-04175,2004CA-Bmu-04175,Balaenoptera musculus,2004-08-20 16:30:00.000,2004-12-03 02:24:37.000,,,,,,,,adult,,,,,,,,,,,, ,,,implant,,,,,,,,,,,,,37.415,-123.077,,,,,,,2004CA-04175,,,,,,,,,,,none,,"Half Moon Bay, CA",,,,,"Telonics, Inc",,ST15,,,satellite,
2004CA-ST15-00840,2004CA-Bmu-00840,Balaenoptera musculus,2004-08-20 17:06:00.000,2006-01-06 16:08:02.000,,,,,,,,adult,,,,,,,,,,,, ,,,implant,,,,,,,,,,,,,37.417,-123.076,,,,,,,2004CA-00840,,,,,,,,,,,none,,"Half Moon Bay, CA",,,,,"Telonics, Inc",,ST15,,,satellite,
2005CA-ST15-10833,2005CA-Bmu-10833,Balaenoptera musculus,2005-08-06 23:00:00.000,2005-10-25 02:06:24.000,,,,,,,,adult,,,,,,,,,,,,f,,,implant,,,,,,,,,,,,,35.56,-121.472,,,,,,,2005CA-10833,,,,,,,,,,,none,,"Piedras Blancas, CA",,,,,"Telonics, Inc",,ST15,,,satellite,
2005CA-ST15-10829,2005CA-Bmu-10829,Balaenoptera musculus,2005-08-07 19:07:00.000,2006-02-17 12:18:13.000,,,,,,,,adult,,,,,,,,,,,, ,,,implant,,,,,,,,,,,,,35.521,-121.509,,,,,,,2005CA-10829,,,,,,,,,,,none,,"Piedras Blancas, CA",,,,,"Telonics, Inc",,ST15,,,satellite,
2005CA-ST15-10828,2005CA-Bmu-10828,Balaenoptera musculus,2005-08-11 18:30:00.000,2005-08-14 02:16:57.000,,,,,,,,adult,,,,,,,,,,,, ,,,implant,,,,,,,,,,,,,36.017,-121.592,,,,,,,2005CA-10828,,,,,,,,,,,none,,"Lopez Point, CA",,,,,"Telonics, Inc",,ST15,,,satellite,
2005CA-ST15-00849,2005CA-Bmu-00849,Balaenoptera musculus,2005-08-14 18:01:00.000,2005-10-03 23:29:26.000,,,,,,,,adult,,,,,,,,,,,,f,,,implant,,,,,,,,,,,,,36.692,-121.996,,,,,,,2005CA-00849,,,,,,,,,,,none,,"Monterrey Bay, CA",,,,,"Telonics, Inc",,ST15,,,satellite,
2005CA-ST15-10830,2005CA-Bmu-10830,Balaenoptera musculus,2005-08-14 20:23:00.000,2005-12-01 02:26:35.000,,,,,,,,adult,,,,,,,,,,,,m,,,implant,,,,,,,,,,,,,36.533,-121.988,,,,,,,2005CA-10830,,,,,,,,,,,none,,"Carmel, CA",,,,,"Telonics, Inc",,ST15,,,satellite,
2005CA-ST15-01389,2005CA-Bmu-01389,Balaenoptera musculus,2005-08-14 21:07:00.000,2005-10-22 12:50:09.000,,,,,,,,adult,,,,,,,,,,,, ,,,implant,,,,,,,,,,,,,36.594,-122.017,,,,,,,2005CA-01389,,,,,,,,,,,none,,"Carmel, CA",,,,,"Telonics, Inc",,ST15,,,satellite,
2005CA-ST15-10821,2005CA-Bmu-10821,Balaenoptera musculus,2005-08-14 21:39:00.000,2006-02-17 23:26:17.000,,,,,,,,adult,,,,,,,,,,,, ,,,implant,,,,,,,,,,,,,36.558,-121.989,,,,,,,2005CA-10821,,,,,,,,,,,none,,"Carmel, CA",,,,,"Telonics, Inc",,ST15,,,satellite,
2005CA-ST15-10823,2005CA-Bmu-10823,Balaenoptera musculus,2005-08-15 18:00:00.000,2005-11-17 15:22:41.000,,,,,,,,adult,,,,,,,,,,,, ,,,implant,,,,,,,,,,,,,36.685,-121.998,,,,,,,2005CA-10823,,,,,,,,,,,none,,"Monterrey Bay, CA",,,,,"Telonics, Inc",,ST15,,,satellite,
2005CA-ST15-10820,2005CA-Bmu-10820,Balaenoptera musculus,2005-08-15 20:00:00.000,2005-09-25 02:25:00.000,,,,,,,,adult,,,,,,,,,,,, ,,,implant,,,,,,,,,,,,,36.684,-122.009,,,,,,,2005CA-10820,,,,,,,,,,,none,,"Monterrey Bay, CA",,,,,"Telonics, Inc",,ST15,,,satellite,
2005CA-ST15-01388,2005CA-Bmu-01388,Balaenoptera musculus,2005-08-15 20:45:00.000,2005-09-26 23:03:35.000,,,,,,,,adult,,,,,,,,,,,,m,,,implant,,,,,,,,,,,,,36.68,-122.008,,,,,,,2005CA-01388,,,,,,,,,,,none,,"Monterrey Bay, CA",,,,,"Telonics, Inc",,ST15,,,satellite,
2005CA-ST15-10826,2005CA-Bmu-10826,Balaenoptera musculus,2005-08-16 00:55:00.000,2005-10-24 23:17:50.000,,,,,,,,adult,,,,,,,,,,,,m,,,implant,,,,,,,,,,,,,36.672,-122.002,,,,,,,2005CA-10826,,,,,,,,,,,none,,"Monterrey Bay, CA",,,,,"Telonics, Inc",,ST15,,,satellite,
2005CA-ST15-00845,2005CA-Bmu-00845,Balaenoptera musculus,2005-08-16 01:40:00.000,2005-09-11 02:50:25.000,,,,,,,,adult,,,,,,,,,,,,f,,,implant,,,,,,,,,,,,,36.685,-121.998,,,,,,,2005CA-00845,,,,,,,,,,,none,,"Monterrey Bay, CA",,,,,"Telonics, Inc",,ST15,,,satellite,
2005CA-ST15-01390,2005CA-Bmu-01390,Balaenoptera musculus,2005-08-18 22:12:00.000,2006-04-10 23:45:42.000,,,,,,,,adult,,,,,,,,,,,,m,,,implant,,,,,,,,,,,,,36.668,-122.015,,,,,,,2005CA-01390,,,,,,,,,,,none,,"Monterrey Bay, CA",,,,,"Telonics, Inc",,ST15,,,satellite,
2005CA-ST15-00834,2005CA-Bmu-00834,Balaenoptera musculus,2005-08-19 16:50:00.000,2005-11-21 12:40:38.000,,,,,,,,adult,,,,,,,,,,,,f,,,implant,,,,,,,,,,,,,36.658,-122.016,,,,,,,2005CA-00834,,,,,,,,,,,none,,"Monterrey Bay, CA",,,,,"Telonics, Inc",,ST15,,,satellite,
2005CA-ST15-02082,2005CA-Bmu-02082,Balaenoptera musculus,2005-08-19 22:32:00.000,2005-08-30 02:37:13.000,,,,,,,,adult,,,,,,,,,,,, ,,,implant,,,,,,,,,,,,,36.715,-121.979,,,,,,,2005CA-02082,,,,,,,,,,,none,,"Monterrey Bay, CA",,,,,"Telonics, Inc",,ST15,,,satellite,
2006CA-ST15-00825,2006CA-Bmu-00825,Balaenoptera musculus,2006-09-12 22:33:00.000,2006-09-13 00:51:40.000,,,,,,,,adult,,,,,,,,,,,,m,,,implant,,,,,,,,,,,,,34.056,-120.598,,,,,,,2006CA-00825,,,,,,,,,,,none,,"San Miguel Island, CA",,,,,"Telonics, Inc",,ST15,,,satellite,
2006CA-ST15-00832,2006CA-Bmu-00832,Balaenoptera musculus,2006-09-12 22:57:00.000,2006-12-09 03:44:04.000,,,,,,,,adult,,,,,,,,,,,, ,,,implant,,,,,,,,,,,,,34.054,-120.602,,,,,,,2006CA-00832,,,,,,,,,,,none,,"San Miguel Island, CA",,,,,"Telonics, Inc",,ST15,,,satellite,
2006CA-ST15-23036,2006CA-Bmu-23036,Balaenoptera musculus,2006-09-12 23:41:00.000,2006-11-30 03:56:14.000,,,,,,,,adult,,,,,,,,,,,,m,,,implant,,,,,,,,,,,,,34.067,-120.607,,,,,,,2006CA-23036,,,,,,,,,,,none,,"San Miguel Island, CA",,,,,"Telonics, Inc",,ST15,,,satellite,
2006CA-ST15-00838,2006CA-Bmu-00838,Balaenoptera musculus,2006-09-12 23:51:00.000,2006-11-08 03:58:28.000,,,,,,,,adult,,,,,,,,,,,, ,,,implant,,,,,,,,,,,,,34.069,-120.601,,,,,,,2006CA-00838,,,,,,,,,,,none,,"San Miguel Island, CA",,,,,"Telonics, Inc",,ST15,,,satellite,
2006CA-ST15-04175,2006CA-Bmu-04175,Balaenoptera musculus,2006-09-13 00:13:00.000,2007-08-05 23:51:58.000,,,,,,,,adult,,,,,,,,,,,,m,,,implant,,,,,,,,,,,,,34.101,-120.615,,,,,,,2006CA-04175,,,,,,,,,,,none,,"San Miguel Island, CA",,,,,"Telonics, Inc",,ST15,,,satellite,
2006CA-ST15-10839,2006CA-Bmu-10839,Balaenoptera musculus,2006-09-14 17:37:00.000,2006-10-21 23:09:55.000,,,,,,,,adult,,,,,,,,,,,,m,,,implant,,,,,,,,,,,,,34.117,-120.613,,,,,,,2006CA-10839,,,,,,,,,,,none,,"San Miguel Island, CA",,,,,"Telonics, Inc",,ST15,,,satellite,
2006CA-ST15-10831,2006CA-Bmu-10831,Balaenoptera musculus,2006-09-14 17:50:00.000,2007-06-15 00:00:58.000,,,,,,,,adult,,,,,,,,,,,, ,,,implant,,,,,,,,,,,,,34.108,-120.608,,,,,,,2006CA-10831,,,,,,,,,,,none,,"San Miguel Island, CA",,,,,"Telonics, Inc",,ST15,,,satellite,
2006CA-ST15-02083,2006CA-Bmu-02083,Balaenoptera musculus,2006-09-14 18:08:00.000,2007-06-28 22:57:31.000,,,,,,,,adult,,,,,,,,,,,,f,,,implant,,,,,,,,,,,,,34.101,-120.613,,,,,,,2006CA-02083,,,,,,,,,,,none,,"San Miguel Island, CA",,,,,"Telonics, Inc",,ST15,,,satellite,
2006CA-ST15-10840,2006CA-Bmu-10840,Balaenoptera musculus,2006-09-14 18:55:00.000,2007-04-13 23:38:02.000,,,,,,,,adult,,,,,,,,,,,, ,,,implant,,,,,,,,,,,,,34.109,-120.606,,,,,,,2006CA-10840,,,,,,,,,,,none,,"San Miguel Island, CA",,,,,"Telonics, Inc",,ST15,,,satellite,
2006CA-ST15-10834,2006CA-Bmu-10834,Balaenoptera musculus,2006-09-14 21:25:00.000,2006-09-18 02:09:35.000,,,,,,,,adult,,,,,,,,,,,, ,,,implant,,,,,,,,,,,,,34.103,-120.605,,,,,,,2006CA-10834,,,,,,,,,,,none,,"San Miguel Island, CA",,,,,"Telonics, Inc",,ST15,,,satellite,
2006CA-ST15-23039,2006CA-Bmu-23039,Balaenoptera musculus,2006-09-26 20:51:00.000,2007-01-31 12:46:59.000,,,,,,,,adult,,,,,,,,,,,,m,,,implant,,,,,,,,,,,,,34.524,-120.984,,,,,,,2006CA-23039,,,,,,,,,,,none,,"Point Arguello, CA",,,,,"Telonics, Inc",,ST15,,,satellite,
2007CA-ST15-04174,2007CA-Bmu-04174,Balaenoptera musculus,2007-09-06 21:10:00.000,2008-05-05 18:46:40.000,,,,,,,,adult,,,,,,,,,,,,f,,,implant,,,,,,,,,,,,,34.153,-119.925,,,,,,,2007CA-04174,,,,,,,,,,,none,,"Santa Barbara Channel, CA",,,,,"Telonics, Inc",,ST15,,,satellite,
2007CA-ST15-05670,2007CA-Bmu-05670,Balaenoptera musculus,2007-09-06 22:19:00.000,2008-01-20 05:30:46.000,,,,,,,,adult,,,,,,,,,,,, ,,,implant,,,,,,,,,,,,,34.149,-119.968,,,,,,,2007CA-05670,,,,,,,,,,,none,,"Santa Barbara Channel, CA",,,,,"Telonics, Inc",,ST15,,,satellite,
2007CA-ST15-10842,2007CA-Bmu-10842,Balaenoptera musculus,2007-09-06 22:41:00.000,2007-09-18 12:52:22.000,,,,,,,,adult,,,,,,,,,,,, ,,,implant,,,,,,,,,,,,,34.149,-119.986,,,,,,,2007CA-10842,,,,,,,,,,,none,,"Santa Barbara Channel, CA",,,,,"Telonics, Inc",,ST15,,,satellite,
2007CA-ST15-04172,2007CA-Bmu-04172,Balaenoptera musculus,2007-09-06 22:56:00.000,2007-10-04 05:41:51.000,,,,,,,,adult,,,,,,,,,,,,m,,,implant,,,,,,,,,,,,,34.146,-119.973,,,,,,,2007CA-04172,,,,,,,,,,,none,,"Santa Barbara Channel, CA",,,,,"Telonics, Inc",,ST15,,,satellite,
2007CA-ST15-23043,2007CA-Bmu-23043,Balaenoptera musculus,2007-09-06 23:33:00.000,2008-02-01 12:14:14.000,,,,,,,,adult,,,,,,,,,,,,f,,,implant,,,,,,,,,,,,,34.149,-119.984,,,,,,,2007CA-23043,,,,,,,,,,,none,,"Santa Barbara Channel, CA",,,,,"Telonics, Inc",,ST15,,,satellite,
2007CA-ST15-01385,2007CA-Bmu-01385,Balaenoptera musculus,2007-09-07 00:09:00.000,2008-03-26 12:23:37.000,,,,,,,,adult,,,,,,,,,,,,f,,,implant,,,,,,,,,,,,,34.15,-120.018,,,,,,,2007CA-01385,,,,,,,,,,,none,,"Santa Barbara Channel, CA",,,,,"Telonics, Inc",,ST15,,,satellite,
2007CA-ST15-00831,2007CA-Bmu-00831,Balaenoptera musculus,2007-09-07 01:05:00.000,2008-02-03 05:11:22.000,,,,,,,,adult,,,,,,,,,,,,m,,,implant,,,,,,,,,,,,,34.139,-120.041,,,,,,,2007CA-00831,,,,,,,,,,,none,,"Santa Barbara Channel, CA",,,,,"Telonics, Inc",,ST15,,,satellite,
2007CA-ST15-10838,2007CA-Bmu-10838,Balaenoptera musculus,2007-09-07 21:46:00.000,2008-03-02 05:38:20.000,,,,,,,,adult,,,,,,,,,,,,f,,,implant,,,,,,,,,,,,,34.145,-120.027,,,,,,,2007CA-10838,,,,,,,,,,,none,,"Santa Barbara Channel, CA",,,,,"Telonics, Inc",,ST15,,,satellite,
2007CA-ST15-00847,2007CA-Bmu-00847,Balaenoptera musculus,2007-09-07 23:42:00.000,2008-01-04 21:59:17.000,,,,,,,,adult,,,,,,,,,,,,m,,,implant,,,,,,,,,,,,,34.13,-120.024,,,,,,,2007CA-00847,,,,,,,,,,,none,,"Santa Barbara Channel, CA",,,,,"Telonics, Inc",,ST15,,,satellite,
2007CA-ST15-10836,2007CA-Bmu-10836,Balaenoptera musculus,2007-09-08 17:37:00.000,2008-05-16 05:30:10.000,,,,,,,,adult,,,,,,,,,,,,f,,,implant,,,,,,,,,,,,,34.14,-120.05,,,,,,,2007CA-10836,,,,,,,,,,,none,,"Santa Barbara Channel, CA",,,,,"Telonics, Inc",,ST15,,,satellite,
2007CA-ST15-23034,2007CA-Bmu-23034,Balaenoptera musculus,2007-09-09 17:44:00.000,2007-11-06 00:17:27.000,,,,,,,,adult,,,,,,,,,,,,f,,,implant,,,,,,,,,,,,,34.135,-120.088,,,,,,,2007CA-23034,,,,,,,,,,,none,,"Santa Barbara Channel, CA",,,,,"Telonics, Inc",,ST15,,,satellite,
2007CA-ST15-00835,2007CA-Bmu-00835,Balaenoptera musculus,2007-09-09 19:39:00.000,2007-10-14 18:59:54.000,,,,,,,,adult,,,,,,,,,,,,f,,,implant,,,,,,,,,,,,,34.118,-120.076,,,,,,,2007CA-00835,,,,,,,,,,,none,,"Santa Barbara Channel, CA",,,,,"Telonics, Inc",,ST15,,,satellite,
2007CA-MK10-00827,2007CA-Bmu-00827,Balaenoptera musculus,2007-09-09 20:51:00.000,2007-09-10 05:35:10.000,,,,,,,,adult,,,,,,,,,,,,f,,,implant,,,,,,,,,,,,,34.122,-120.048,,,,,,,2007CA-00827,,,,,,,,,,,none,,"Santa Barbara Channel, CA",,,,,"Wildlife Computers, Inc",,MK10,,,satellite,
2007CA-ST15-00836,2007CA-Bmu-00836,Balaenoptera musculus,2007-09-17 15:44:00.000,2007-11-06 10:45:53.000,,,,,,,,adult,,,,,,,,,,,, ,,,implant,,,,,,,,,,,,,34.116,-120.083,,,,,,,2007CA-00836,,,,,,,,,,,none,,"Santa Barbara Channel, CA",,,,,"Telonics, Inc",,ST15,,,satellite,
2007CA-ST15-05801,2007CA-Bmu-05801,Balaenoptera musculus,2007-09-17 21:14:00.000,2008-02-21 00:01:46.000,,,,,,,,adult,,,,,,,,,,,, ,,,implant,,,,,,,,,,,,,34.134,-120.002,,,,,,,2007CA-05801,,,,,,,,,,,none,,"Santa Barbara Channel, CA",,,,,"Telonics, Inc",,ST15,,,satellite,
2008CR-ST15-01388,2008CR-Bmu-01388,Balaenoptera musculus,2008-01-14 05:00:00.000,2008-06-13 19:08:34.000,,,,,,,,adult,,,,,,,,,,,,m,,,implant,,,,,,,,,,,,,8.767,-96.907,,,,,,,2008CR-01388,,,,,,,,,,,none,,"Costa Rica Dome, Eastern Pacific",,,,,"Telonics, Inc",,ST15,,,satellite,
2008CR-ST15-00846,2008CR-Bmu-00846,Balaenoptera musculus,2008-01-17 16:17:00.000,2008-07-31 11:46:47.000,,,,,,,,adult,,,,,,,,,,,, ,,,implant,,,,,,,,,,,,,9.782,-97.119,,,,,,,2008CR-00846,,,,,,,,,,,none,,"Costa Rica Dome, Eastern Pacific",,,,,"Telonics, Inc",,ST15,,,satellite,
2008CA-ST15-00825,2008CA-Bmu-00825,Balaenoptera musculus,2008-07-24 17:53:00.000,2009-04-10 12:34:34.000,,,,,,,,adult,,,,,,,,,,,,f,,,implant,,,,,,,,,,,,,34.119,-120.033,,,,,,,2008CA-00825,,,,,,,,,,,none,,"Santa Barbara Channel, CA",,,,,"Telonics, Inc",,ST15,,,satellite,
2008CA-ST15-00830,2008CA-Bmu-00830,Balaenoptera musculus,2008-07-25 23:45:00.000,2008-11-12 21:09:23.000,,,,,,,,adult,,,,,,,,,,,,m,,,implant,,,,,,,,,,,,,34.121,-120.068,,,,,,,2008CA-00830,,,,,,,,,,,none,,"Santa Barbara Channel, CA",,,,,"Telonics, Inc",,ST15,,,satellite,
2008CA-ST15-05644,2008CA-Bmu-05644,Balaenoptera musculus,2008-07-26 02:05:00.000,2008-09-03 05:06:40.000,,,,,,,,adult,,,,,,,,,,,, ,,,implant,,,,,,,,,,,,,34.115,-120.052,,,,,,,2008CA-05644,,,,,,,,,,,none,,"Santa Barbara Channel, CA",,,,,"Telonics, Inc",,ST15,,,satellite,
2008CA-ST15-05701,2008CA-Bmu-05701,Balaenoptera musculus,2008-07-26 21:10:00.000,2008-07-27 18:19:44.000,,,,,,,,adult,,,,,,,,,,,, ,,,implant,,,,,,,,,,,,,34.124,-119.988,,,,,,,2008CA-05701,,,,,,,,,,,none,,"Santa Barbara Channel, CA",,,,,"Telonics, Inc",,ST15,,,satellite,
2008CA-ST15-00840,2008CA-Bmu-00840,Balaenoptera musculus,2008-07-27 15:34:00.000,2008-10-31 21:36:18.000,,,,,,,,adult,,,,,,,,,,,, ,,,implant,,,,,,,,,,,,,34.122,-120.024,,,,,,,2008CA-00840,,,,,,,,,,,none,,"Santa Barbara Channel, CA",,,,,"Telonics, Inc",,ST15,,,satellite,
2008CA-ST15-01386,2008CA-Bmu-01386,Balaenoptera musculus,2008-07-27 16:26:00.000,2009-02-24 21:23:10.000,,,,,,,,adult,,,,,,,,,,,, ,,,implant,,,,,,,,,,,,,34.123,-120.038,,,,,,,2008CA-01386,,,,,,,,,,,none,,"Santa Barbara Channel, CA",,,,,"Telonics, Inc",,ST15,,,satellite,
2008CA-ST15-05878,2008CA-Bmu-05878,Balaenoptera musculus,2008-07-27 17:31:00.000,2008-08-27 05:57:10.000,,,,,,,,adult,,,,,,,,,,,, ,,,implant,,,,,,,,,,,,,34.124,-120.032,,,,,,,2008CA-05878,,,,,,,,,,,none,,"Santa Barbara Channel, CA",,,,,"Telonics, Inc",,ST15,,,satellite,
2008CA-ST15-04176,2008CA-Bmu-04176,Balaenoptera musculus,2008-07-27 17:48:00.000,2009-03-18 13:24:36.000,,,,,,,,adult,,,,,,,,,,,, ,,,implant,,,,,,,,,,,,,34.122,-120.038,,,,,,,2008CA-04176,,,,,,,,,,,none,,"Santa Barbara Channel, CA",,,,,"Telonics, Inc",,ST15,,,satellite,
2008CA-ST15-04177,2008CA-Bmu-04177,Balaenoptera musculus,2008-07-27 22:15:00.000,2008-10-23 21:22:51.000,,,,,,,,adult,,,,,,,,,,,, ,,,implant,,,,,,,,,,,,,34.128,-120.095,,,,,,,2008CA-04177,,,,,,,,,,,none,,"Santa Barbara Channel, CA",,,,,"Telonics, Inc",,ST15,,,satellite,
2008CA-ST15-10821,2008CA-Bmu-10821,Balaenoptera musculus,2008-07-28 00:14:00.000,2008-10-31 21:35:13.000,,,,,,,,adult,,,,,,,,,,,,m,,,implant,,,,,,,,,,,,,34.112,-120.141,,,,,,,2008CA-10821,,,,,,,,,,,none,,"Santa Barbara Channel, CA",,,,,"Telonics, Inc",,ST15,,,satellite,
2008CA-ST15-10839,2008CA-Bmu-10839,Balaenoptera musculus,2008-07-28 23:00:00.000,2008-09-27 13:38:26.000,,,,,,,,adult,,,,,,,,,,,,m,,,implant,,,,,,,,,,,,,34.135,-120.021,,,,,,,2008CA-10839,,,,,,,,,,,none,,"Santa Barbara Channel, CA",,,,,"Telonics, Inc",,ST15,,,satellite,
