tag-id,animal-id,animal-taxon,deploy-on-date,deploy-off-date,animal-comments,animal-life-stage,attachment-type,deploy-on-latitude,deploy-on-longitude,deploy-on-person,deployment-comments,deployment-end-type,deployment-id,duty-cycle,study-site,tag-comments,tag-manufacturer-name,tag-model,tag-production-date,tag-readout-method,tag-serial-no
128881-SPOT5,128881-PcNHI-2013-SPOT5,Pseudorca crassidens,2013-05-16 04:53:02.000,2013-10-16 21:21:23.000,,Adult,,25.64124059,-171.62614614,A. Ligon,Deployed during PACES (OES1303),unknown,128881-PcNHI-2013,,NWHI - PMNM,Deployed during PACES (OES1303),Wildlife Computers,SPOT240C,March 2013,satellite,12S1708
128883-SPOT5,128883-PcNHI-2013-SPOT5,Pseudorca crassidens,2013-05-27 03:41:28.000,2013-06-09 18:23:09.000,,Adult,other,24.83519864,-170.14187688,Allan Ligon,Deployed during PACES (OES1303); low attachment- base of dorsal fin,unknown,128883-Pc-NWHI,see tag report,NWHI - PMNM,Deployed during PACES (OES1303),Wildlife Computers,SPOT240C,March 2013,satellite,12S1710
141702-SPOT5,141702-PcHI-2017-SPOT5,Pseudorca crassidens,2017-09-12 22:23:34.000,2018-03-09 21:12:02.000,adult false killer whale tagged off Kauai during HICEAS 2017.,adult,implant,21.881,-159.77045,A. Ligon,adult false killer whale tagged off Kauai during HICEAS 2017,unknown,141702-PcHI-2017-SPOT5,,Main Hawaiian Islands - Kauai,deployed on an adult false killer whale off Kauai during HICEAS 2017,Wildlife Computers,SPOT-240c,April 2015,satellite,15S0175
141703-SPOT5,141703-PcHI-2017-SPOT5,Pseudorca crassidens,2017-09-13 22:15:23.000,2017-10-04 08:34:44.000,adult false killer whale tagged offshore of Niihau during HICEAS 2017,adult,implant,22.23613,-160.38808,A. Ligon,SPOT5 tag deployed on an adult false killer whale offshore of Niihau during HICEAS 2017,unknown,141703-PcHI-2017-SPOT5,,Main Hawaiian Islands - Niihau,deployed on an adult false killer whale offshore of Niihau during HICEAS 2017,Wildlife Computers,SPOT-240c,April 2015,satellite,15S0176
141695-SPOT5,141695-PcHI-2017-SPOT5,Pseudorca crassidens,2017-09-13 23:59:30.000,2017-09-16 21:19:45.000,adult tagged offshore of Niihau during HICEAS 2017,adult,implant,22.24818,-160.33235,A. Ligon,SPOT5 tag deployed on an adult false killer whale offshore of Niihau during HICEAS 2017,unknown,141695-PcHI-2017-SPOT5,,Main Hawaiian Islands - Niihau,Deployed on an adult false killer whale during HICEAS 2017 offhshore of Niihau,Wildlife Computers,SPOT240C,October 2014,satellite,14S0526
172228-SPOT6,172228-PcHI-2017-SPOT6,Pseudorca crassidens,2017-10-09 02:05:52.000,2018-03-09 19:32:00.000,adult false killer whale tagged off Oahu during HICEAS 2017,adult,implant,21.45318,-158.47646,A. Ligon,SPOT6 tag deployed on an adult false killer whale off Oahu during HICEAS 2017,unknown,172228-PcHI-2017-SPOT6,,Main Hawaiian Islands - Oahu,deployed on an adult false killer whale off Oahu during HICEAS 2017,Wildlife Computers,SPOT-240C,July 2017,satellite,17U0612
