tag-id,animal-id,animal-taxon,deploy-on-date,deploy-off-date,deployment-comments,deployment-id,manipulation-type,tag-manufacturer-name,tag-model,tag-readout-method
20167,20167,Balaena mysticetus,2003-07-04 16:25:00.000,,,20167,none,Wildlife Computers,SDR-T16,satellite
37230,37230,Balaena mysticetus,2003-07-10 22:22:00.000,2003-08-10 23:59:00.000,track split into multiple deployments to implement state-space models,37230_1,none,Wildlife Computers,SDR-T16,satellite
21802,21802,Balaena mysticetus,2003-07-11 17:58:00.000,,,21802,none,Wildlife Computers,SDR-T16,satellite
37280,37280,Balaena mysticetus,2003-07-18 16:16:00.000,,,37280,none,Wildlife Computers,SDR-T16,satellite
26712,26712,Balaena mysticetus,2003-07-18 21:03:00.000,,,26712,none,Wildlife Computers,SDR-T16,satellite
37229,37229,Balaena mysticetus,2003-07-18 22:11:00.000,,,37229,none,Wildlife Computers,SDR-T16,satellite
24641,24641,Balaena mysticetus,2003-07-26 23:54:00.000,,,24641,none,Wildlife Computers,SDR-T16,satellite
37231,37231,Balaena mysticetus,2003-08-09 14:31:00.000,,,37231,none,Wildlife Computers,SDR-T16,satellite
37230,37230,Balaena mysticetus,2003-08-31 06:27:00.000,,track split into multiple deployments to implement state-space models,37230_2,none,Wildlife Computers,SDR-T16,satellite
51867,51867,Balaena mysticetus,2011-07-09 05:46:00.000,,,51867,none,Wildlife Computers,,satellite
57600,57600,Balaena mysticetus,2011-07-18 07:29:00.000,,,57600,none,Wildlife Computers,,satellite
39161,39161,Balaena mysticetus,2011-07-19 16:18:00.000,,,39161,none,Wildlife Computers,,satellite
40153,40153,Balaena mysticetus,2011-07-20 18:30:00.000,,,40153,none,Wildlife Computers,,satellite
114495,114495,Balaena mysticetus,2012-07-03 00:00:00.000,,,114495,none,Wildlife Computers,,satellite
11449500,11449500,Balaena mysticetus,2012-07-03 00:00:00.000,,,11449500,none,Wildlife Computers,,satellite
114498,114498,Balaena mysticetus,2012-07-06 20:34:00.000,2012-10-09 23:59:00.000,track split into multiple deployments to implement state-space models,114498_1,none,Wildlife Computers,,satellite
114499,114499,Balaena mysticetus,2012-07-06 21:58:00.000,,,114499,none,Wildlife Computers,,satellite
114501,114501,Balaena mysticetus,2012-07-07 02:17:00.000,,,114501,none,Wildlife Computers,,satellite
114500,114500,Balaena mysticetus,2012-07-07 04:49:00.000,,,114500,none,Wildlife Computers,,satellite
128151,128151,Balaena mysticetus,2012-07-09 00:00:00.000,,,128151,none,Wildlife Computers,,satellite
114497,114497,Balaena mysticetus,2012-07-12 21:43:00.000,2012-10-24 23:59:00.000,track split into multiple deployments to implement state-space models,114497_1,none,Wildlife Computers,,satellite
114496,114496,Balaena mysticetus,2012-07-18 17:05:00.000,,,114496,none,Wildlife Computers,,satellite
114497,114497,Balaena mysticetus,2012-10-25 01:15:00.000,2012-12-07 23:59:00.000,track split into multiple deployments to implement state-space models,114497_2,none,Wildlife Computers,,satellite
114498,114498,Balaena mysticetus,2012-11-23 17:12:00.000,,track split into multiple deployments to implement state-space models,114498_2,none,Wildlife Computers,,satellite
114497,114497,Balaena mysticetus,2013-01-02 09:41:00.000,,track split into multiple deployments to implement state-space models,114497_3,none,Wildlife Computers,,satellite
128154,128154,Balaena mysticetus,2013-07-03 20:58:00.000,,,128154,none,Wildlife Computers,,satellite
128146,128146,Balaena mysticetus,2013-07-03 21:52:00.000,,,128146,none,Wildlife Computers,,satellite
128145,128145,Balaena mysticetus,2013-07-03 23:11:00.000,,,128145,none,Wildlife Computers,,satellite
128148,128148,Balaena mysticetus,2013-07-07 15:46:00.000,,,128148,none,Wildlife Computers,,satellite
128150,128150,Balaena mysticetus,2013-07-10 02:09:00.000,,,128150,none,Wildlife Computers,,satellite
128152,128152,Balaena mysticetus,2013-07-10 06:50:00.000,,,128152,none,Wildlife Computers,,satellite
128149,128149,Balaena mysticetus,2013-07-10 11:09:00.000,,,128149,none,Wildlife Computers,,satellite
128153,128153,Balaena mysticetus,2013-07-18 05:32:00.000,,,128153,none,Wildlife Computers,,satellite
