tag-id,animal-id,animal-taxon,deploy-on-date,deploy-off-date,animal-birth-hatch-latitude,animal-birth-hatch-longitude,animal-comments,animal-death-comments,animal-exact-date-of-birth,animal-group-id,animal-latest-date-born,animal-life-stage,animal-marker-id,animal-mass,animal-mates,animal-mortality-latitude,animal-mortality-longitude,animal-mortality-type,animal-nickname,animal-offspring,animal-parents,animal-reproductive-condition,animal-ring-id,animal-sex,animal-siblings,animal-taxon-detail,attachment-type,behavior-according-to,capture-handling-time,capture-latitude,capture-longitude,capture-timestamp,data-processing-software,dba-comments,deploy-off-latitude,deploy-off-longitude,deploy-off-measurements,deploy-off-person,deploy-off-sampling,deploy-on-latitude,deploy-on-longitude,deploy-on-measurements,deploy-on-person,deploy-on-sampling,deployment-comments,deployment-end-comments,deployment-end-type,deployment-id,duty-cycle,geolocator-calibration,geolocator-light-threshold,geolocator-sensor-comments,geolocator-sun-elevation-angle,georeference-protocol,habitat-according-to,locality-according-to,location-accuracy-comments,manipulation-comments,manipulation-type,outlier-comments,study-site,tag-beacon-frequency,tag-comments,tag-failure-comments,tag-firmware,tag-manufacturer-name,tag-mass,tag-model,tag-processing-type,tag-production-date,tag-readout-method,tag-serial-no
20687,20687,Balaena mysticetus,2005-07-10 00:00:00.000,,,,,,,,,,,,,,,,,,,,,,,,,,,,,,,,,,,,,,,,,,,,,20687,,,,,,,,,,,none,,,,,,,Wildlife Computers,,,,,satellite,
201671,201671,Balaena mysticetus,2005-07-15 00:00:00.000,,,,,,,,,,,,,,,,,,,,,,,,,,,,,,,,,,,,,,,,,,,,,201671,,,,,,,,,,,none,,,,,,,Wildlife Computers,,,,,satellite,
66355,66355,Balaena mysticetus,2006-07-11 00:00:00.000,,,,,,,,,,,,,,,,,,,,,,,,,,,,,,,,,,,,,,,,,,,,,66355,,,,,,,,,,,none,,,,,,,Wildlife Computers,,,,,satellite,
66353,66353,Balaena mysticetus,2006-07-11 00:00:00.000,,,,,,,,,,,,,,,,,,,,,,,,,,,,,,,,,,,,,,,,,,,,,66353,,,,,,,,,,,none,,,,,,,Wildlife Computers,,,,,satellite,
66356,66356,Balaena mysticetus,2006-07-11 00:00:00.000,,,,,,,,,,,,,,,,,,,,,,,,,,,,,,,,,,,,,,,,,,,,,66356,,,,,,,,,,,none,,,,,,,Wildlife Computers,,,,,satellite,
66358,66358,Balaena mysticetus,2006-07-11 00:00:00.000,,,,,,,,,,,,,,,,,,,,,,,,,,,,,,,,,,,,,,,,,,,,,66358,,,,,,,,,,,none,,,,,,,Wildlife Computers,,,,,satellite,
66351,66351,Balaena mysticetus,2006-07-11 00:00:00.000,,,,,,,,,,,,,,,,,,,,,,,,,,,,,,,,,,,,,,,,,,,,,66351,,,,,,,,,,,none,,,,,,,Wildlife Computers,,,,,satellite,
66352,66352,Balaena mysticetus,2006-07-11 00:00:00.000,,,,,,,,,,,,,,,,,,,,,,,,,,,,,,,,,,,,,,,,,,,,,66352,,,,,,,,,,,none,,,,,,,Wildlife Computers,,,,,satellite,
66359,66359,Balaena mysticetus,2006-07-12 00:00:00.000,,,,,,,,,,,,,,,,,,,,,,,,,,,,,,,,,,,,,,,,,,,,,66359,,,,,,,,,,,none,,,,,,,Wildlife Computers,,,,,satellite,
39226,39226,Balaena mysticetus,2008-08-15 00:00:00.000,,,,,,,,,,,,,,,,,,,,,,,,,,,,,,,,,,,,,,,,,,,,,39226,,,,,,,,,,,none,,,,,,,Wildlife Computers,,,,,satellite,
39146,39146,Balaena mysticetus,2008-08-16 00:00:00.000,,,,,,,,,,,,,,,,,,,,,,,,,,,,,,,,,,,,,,,,,,,,,39146,,,,,,,,,,,none,,,,,,,Wildlife Computers,,,,,satellite,
39223,39223,Balaena mysticetus,2008-08-16 00:00:00.000,,,,,,,,,,,,,,,,,,,,,,,,,,,,,,,,,,,,,,,,,,,,,39223,,,,,,,,,,,none,,,,,,,Wildlife Computers,,,,,satellite,
57591,57591,Balaena mysticetus,2008-08-18 00:00:00.000,,,,,,,,,,,,,,,,,,,,,,,,,,,,,,,,,,,,,,,,,,,,,57591,,,,,,,,,,,none,,,,,,,Wildlife Computers,,,,,satellite,
57600,57600,Balaena mysticetus,2011-07-09 00:00:00.000,,,,,,,,,,,,,,,,,,,,,,,,,,,,,,,,,,,,,,,,,,,,,57600,,,,,,,,,,,none,,,,,,,Wildlife Computers,,,,,satellite,
51867,51867,Balaena mysticetus,2011-07-09 00:00:00.000,,,,,,,,,,,,,,,,,,,,,,,,,,,,,,,,,,,,,,,,,,,,,51867,,,,,,,,,,,none,,,,,,,Wildlife Computers,,,,,satellite,
94545,94545,Balaena mysticetus,2012-06-30 00:00:00.000,,,,,,,,,,,,,,,,,,,,,,,,,,,,,,,,,,,,,,,,,,,,,94545,,,,,,,,,,,none,,,,,,,Wildlife Computers,,,,,satellite,
94544,94544,Balaena mysticetus,2012-07-02 00:00:00.000,,,,,,,,,,,,,,,,,,,,,,,,,,,,,,,,,,,,,,,,,,,,,94544,,,,,,,,,,,none,,,,,,,Wildlife Computers,,,,,satellite,
39161,39161,Balaena mysticetus,2012-07-07 00:00:00.000,,,,,,,,,,,,,,,,,,,,,,,,,,,,,,,,,,,,,,,,,,,,,39161,,,,,,,,,,,none,,,,,,,Wildlife Computers,,,,,satellite,
114503,114503,Balaena mysticetus,2012-08-06 00:00:00.000,,,,,,,,,,,,,,,,,,,,,,,,,,,,,,,,,,,,,,,,,,,,,114503,,,,,,,,,,,none,,,,,,,Wildlife Computers,,,,,satellite,
114502,114502,Balaena mysticetus,2012-08-06 00:00:00.000,,,,,,,,,,,,,,,,,,,,,,,,,,,,,,,,,,,,,,,,,,,,,114502,,,,,,,,,,,none,,,,,,,Wildlife Computers,,,,,satellite,
114504,114504,Balaena mysticetus,2012-08-07 00:00:00.000,,,,,,,,,,,,,,,,,,,,,,,,,,,,,,,,,,,,,,,,,,,,,114504,,,,,,,,,,,none,,,,,,,Wildlife Computers,,,,,satellite,
114505,114505,Balaena mysticetus,2012-08-08 00:00:00.000,,,,,,,,,,,,,,,,,,,,,,,,,,,,,,,,,,,,,,,,,,,,,114505,,,,,,,,,,,none,,,,,,,Wildlife Computers,,,,,satellite,
114506,114506,Balaena mysticetus,2012-08-08 00:00:00.000,,,,,,,,,,,,,,,,,,,,,,,,,,,,,,,,,,,,,,,,,,,,,114506,,,,,,,,,,,none,,,,,,,Wildlife Computers,,,,,satellite,
114508,114508,Balaena mysticetus,2012-08-12 00:00:00.000,,,,,,,,,,,,,,,,,,,,,,,,,,,,,,,,,,,,,,,,,,,,,114508,,,,,,,,,,,none,,,,,,,Wildlife Computers,,,,,satellite,
114507,114507,Balaena mysticetus,2012-08-12 00:00:00.000,,,,,,,,,,,,,,,,,,,,,,,,,,,,,,,,,,,,,,,,,,,,,114507,,,,,,,,,,,none,,,,,,,Wildlife Computers,,,,,satellite,
114509,114509,Balaena mysticetus,2012-08-12 00:00:00.000,,,,,,,,,,,,,,,,,,,,,,,,,,,,,,,,,,,,,,,,,,,,,114509,,,,,,,,,,,none,,,,,,,Wildlife Computers,,,,,satellite,
128145,128145,Balaena mysticetus,2013-07-03 00:00:00.000,,,,,,,,,,,,,,,,,,,,,,,,,,,,,,,,,,,,,,,,,,,,,128145,,,,,,,,,,,none,,,,,,,Wildlife Computers,,,,,satellite,
128154,128154,Balaena mysticetus,2013-07-03 00:00:00.000,,,,,,,,,,,,,,,,,,,,,,,,,,,,,,,,,,,,,,,,,,,,,128154,,,,,,,,,,,none,,,,,,,Wildlife Computers,,,,,satellite,
128146,128146,Balaena mysticetus,2013-07-03 00:00:00.000,,,,,,,,,,,,,,,,,,,,,,,,,,,,,,,,,,,,,,,,,,,,,128146,,,,,,,,,,,none,,,,,,,Wildlife Computers,,,,,satellite,
128153,128153,Balaena mysticetus,2013-07-03 00:00:00.000,,,,,,,,,,,,,,,,,,,,,,,,,,,,,,,,,,,,,,,,,,,,,128153,,,,,,,,,,,none,,,,,,,Wildlife Computers,,,,,satellite,
128148,128148,Balaena mysticetus,2013-07-09 00:00:00.000,,,,,,,,,,,,,,,,,,,,,,,,,,,,,,,,,,,,,,,,,,,,,128148,,,,,,,,,,,none,,,,,,,Wildlife Computers,,,,,satellite,
128149,128149,Balaena mysticetus,2013-07-09 00:00:00.000,,,,,,,,,,,,,,,,,,,,,,,,,,,,,,,,,,,,,,,,,,,,,128149,,,,,,,,,,,none,,,,,,,Wildlife Computers,,,,,satellite,
128150,128150,Balaena mysticetus,2013-07-09 00:00:00.000,,,,,,,,,,,,,,,,,,,,,,,,,,,,,,,,,,,,,,,,,,,,,128150,,,,,,,,,,,none,,,,,,,Wildlife Computers,,,,,satellite,
128151,128151,Balaena mysticetus,2013-07-09 00:00:00.000,,,,,,,,,,,,,,,,,,,,,,,,,,,,,,,,,,,,,,,,,,,,,128151,,,,,,,,,,,none,,,,,,,Wildlife Computers,,,,,satellite,
128152,128152,Balaena mysticetus,2013-07-09 00:00:00.000,,,,,,,,,,,,,,,,,,,,,,,,,,,,,,,,,,,,,,,,,,,,,128152,,,,,,,,,,,none,,,,,,,Wildlife Computers,,,,,satellite,
148499,148499,Balaena mysticetus,2016-08-20 00:00:00.000,,,,,,,,,,,,,,,,,,,,,,,,,,,,,,,,,,,,,,,,,,,,,148499,,,,,,,,,,,none,,,,,,,Wildlife Computers,,,,,satellite,
148500,148500,Balaena mysticetus,2016-08-20 00:00:00.000,,,,,,,,,,,,,,,,,,,,,,,,,,,,,,,,,,,,,,,,,,,,,148500,,,,,,,,,,,none,,,,,,,Wildlife Computers,,,,,satellite,
148502,148502,Balaena mysticetus,2016-08-23 00:00:00.000,,,,,,,,,,,,,,,,,,,,,,,,,,,,,,,,,,,,,,,,,,,,,148502,,,,,,,,,,,none,,,,,,,Wildlife Computers,,,,,satellite,
148504,148504,Balaena mysticetus,2016-08-23 00:00:00.000,,,,,,,,,,,,,,,,,,,,,,,,,,,,,,,,,,,,,,,,,,,,,148504,,,,,,,,,,,none,,,,,,,Wildlife Computers,,,,,satellite,
148503,148503,Balaena mysticetus,2016-08-23 00:00:00.000,,,,,,,,,,,,,,,,,,,,,,,,,,,,,,,,,,,,,,,,,,,,,148503,,,,,,,,,,,none,,,,,,,Wildlife Computers,,,,,satellite,
148505,148505,Balaena mysticetus,2016-08-26 00:00:00.000,,,,,,,,,,,,,,,,,,,,,,,,,,,,,,,,,,,,,,,,,,,,,148505,,,,,,,,,,,none,,,,,,,Wildlife Computers,,,,,satellite,
126500,126500,Balaena mysticetus,2016-08-28 00:00:00.000,,,,,,,,,,,,,,,,,,,,,,,,,,,,,,,,,,,,,,,,,,,,,126500,,,,,,,,,,,none,,,,,,,Wildlife Computers,,,,,satellite,
126499,126499,Balaena mysticetus,2016-08-28 00:00:00.000,,,,,,,,,,,,,,,,,,,,,,,,,,,,,,,,,,,,,,,,,,,,,126499,,,,,,,,,,,none,,,,,,,Wildlife Computers,,,,,satellite,
114495,,,,,,,,,,,,,,,,,,,,,,,,,,,,,,,,,,,,,,,,,,,,,,,,,,,,,,,,,,,,,,,,,,,,,,,,
11449500,,,,,,,,,,,,,,,,,,,,,,,,,,,,,,,,,,,,,,,,,,,,,,,,,,,,,,,,,,,,,,,,,,,,,,,,
114496,,,,,,,,,,,,,,,,,,,,,,,,,,,,,,,,,,,,,,,,,,,,,,,,,,,,,,,,,,,,,,,,,,,,,,,,
114497,,,,,,,,,,,,,,,,,,,,,,,,,,,,,,,,,,,,,,,,,,,,,,,,,,,,,,,,,,,,,,,,,,,,,,,,
114498,,,,,,,,,,,,,,,,,,,,,,,,,,,,,,,,,,,,,,,,,,,,,,,,,,,,,,,,,,,,,,,,,,,,,,,,
114499,,,,,,,,,,,,,,,,,,,,,,,,,,,,,,,,,,,,,,,,,,,,,,,,,,,,,,,,,,,,,,,,,,,,,,,,
114500,,,,,,,,,,,,,,,,,,,,,,,,,,,,,,,,,,,,,,,,,,,,,,,,,,,,,,,,,,,,,,,,,,,,,,,,
114501,,,,,,,,,,,,,,,,,,,,,,,,,,,,,,,,,,,,,,,,,,,,,,,,,,,,,,,,,,,,,,,,,,,,,,,,
