tag-id,animal-id,animal-taxon,deploy-on-date,deploy-off-date,animal-birth-hatch-latitude,animal-birth-hatch-longitude,animal-comments,animal-death-comments,animal-exact-date-of-birth,animal-group-id,animal-latest-date-born,animal-life-stage,animal-marker-id,animal-mass,animal-mates,animal-mortality-latitude,animal-mortality-longitude,animal-mortality-type,animal-nickname,animal-offspring,animal-parents,animal-reproductive-condition,animal-ring-id,animal-sex,animal-siblings,animal-taxon-detail,attachment-type,behavior-according-to,capture-handling-time,capture-latitude,capture-longitude,capture-timestamp,data-processing-software,dba-comments,deploy-off-latitude,deploy-off-longitude,deploy-off-measurements,deploy-off-person,deploy-off-sampling,deploy-on-latitude,deploy-on-longitude,deploy-on-measurements,deploy-on-person,deploy-on-sampling,deployment-comments,deployment-end-comments,deployment-end-type,deployment-id,duty-cycle,geolocator-calibration,geolocator-light-threshold,geolocator-sensor-comments,geolocator-sun-elevation-angle,georeference-protocol,habitat-according-to,locality-according-to,location-accuracy-comments,manipulation-comments,manipulation-type,outlier-comments,study-site,tag-beacon-frequency,tag-comments,tag-failure-comments,tag-firmware,tag-manufacturer-name,tag-mass,tag-model,tag-processing-type,tag-production-date,tag-readout-method,tag-serial-no
94804,PmTag026,Physeter,2015-06-14 18:12:49.000,2015-06-28 00:00:00.000,,,,,,,,,,,,,,,,,,,,,,,,,,,,,,,,,,,,35.62844,-74.72081,,,,,,,,,,,,,,,,,,,,,,,,,,,,,,,
102463,,,,,,,,,,,,,,,,,,,,,,,,,,,,,,,,,,,,,,,,,,,,,,,,,,,,,,,,,,,,,,,,,,,,,,,,
109833,,,,,,,,,,,,,,,,,,,,,,,,,,,,,,,,,,,,,,,,,,,,,,,,,,,,,,,,,,,,,,,,,,,,,,,,
144023,,,,,,,,,,,,,,,,,,,,,,,,,,,,,,,,,,,,,,,,,,,,,,,,,,,,,,,,,,,,,,,,,,,,,,,,
98363,,,,,,,,,,,,,,,,,,,,,,,,,,,,,,,,,,,,,,,,,,,,,,,,,,,,,,,,,,,,,,,,,,,,,,,,
